Name,Country,Height
Alan,USA,61.417356000000005
Bill,Japan,78.34649900000001
Garen,UK,62.598459000000005
Chun-Li,China,56.692944000000004
